Time[us],ThreadID,UserComment1,UserComment2,val1,val2
4131.000000,21652,main,start,4120.000000,0.000000
304307.000000,21652,Test1,start,304306.000000,0.000000
510054.000000,21652,Test1,stop,304306.000000,205746.000000
673116.000000,21652,Test2,start,673116.000000,0.000000
1174240.000000,21652,Test2,stop,673116.000000,501122.000000
1782168.000000,21652,main,stop,4120.000000,1778046.000000
